gene	ct	date	initials	cell_line	note
AADC	31.06	2020/11/18	PGRR	RC17	
AADC	31.215	2020/11/18	PGRR	RC17	
AADC	31.485	2020/11/18	PGRR	RC17	
ACTB	21.825	2020/11/18	PGRR	RC17	
ACTB	21.82	2020/11/18	PGRR	RC17	
ACTB	22.475	2020/11/18	PGRR	RC17	
ALDH1A2	32.62	2020/11/18	PGRR	RC17	
ALDH1A2	30.755	2020/11/18	PGRR	RC17	
ALDH1A2	33.745	2020/11/18	PGRR	RC17	
ARX	31.28	2020/11/18	PGRR	RC17	
ARX	31.46	2020/11/18	PGRR	RC17	
ARX	31.85	2020/11/18	PGRR	RC17	
AXIN2	26.44	2020/11/18	PGRR	RC17	
AXIN2	26.03	2020/11/18	PGRR	RC17	
AXIN2	26.675	2020/11/18	PGRR	RC17	
BARHL1	35	2020/11/18	PGRR	RC17	
BARHL1	34.43	2020/11/18	PGRR	RC17	
BARHL1	35	2020/11/18	PGRR	RC17	
BARHL2	35	2020/11/18	PGRR	RC17	
BARHL2	34.1	2020/11/18	PGRR	RC17	
BARHL2	35	2020/11/18	PGRR	RC17	
BLBP	24.68	2020/11/18	PGRR	RC17	
BLBP	24.85	2020/11/18	PGRR	RC17	
BLBP	24.94	2020/11/18	PGRR	RC17	
BRA	32.56	2020/11/18	PGRR	RC17	
BRA	30.605	2020/11/18	PGRR	RC17	
BRA	32.905	2020/11/18	PGRR	RC17	
BRN2	32.245	2020/11/18	PGRR	RC17	
BRN2	31.86	2020/11/18	PGRR	RC17	
BRN2	32.47	2020/11/18	PGRR	RC17	
BRN3A	27.215	2020/11/18	PGRR	RC17	
BRN3A	26.63	2020/11/18	PGRR	RC17	
BRN3A	27.03	2020/11/18	PGRR	RC17	
CCND1	23.825	2020/11/18	PGRR	RC17	
CCND1	22.835	2020/11/18	PGRR	RC17	
CCND1	24.41	2020/11/18	PGRR	RC17	
CHAT	29.22	2020/11/18	PGRR	RC17	
CHAT	29.37	2020/11/18	PGRR	RC17	
CHAT	29.11	2020/11/18	PGRR	RC17	
CNPY1	35	2020/11/18	PGRR	RC17	
CNPY1	35	2020/11/18	PGRR	RC17	
CNPY1	35	2020/11/18	PGRR	RC17	
COL3A1	35	2020/11/18	PGRR	RC17	
COL3A1	28.56	2020/11/18	PGRR	RC17	
COL3A1	34.615	2020/11/18	PGRR	RC17	
CORIN	32.275	2020/11/18	PGRR	RC17	
CORIN	32.465	2020/11/18	PGRR	RC17	
CORIN	31.695	2020/11/18	PGRR	RC17	
CYP26A1	27.505	2020/11/18	PGRR	RC17	
CYP26A1	27.385	2020/11/18	PGRR	RC17	
CYP26A1	26.985	2020/11/18	PGRR	RC17	
DAT	29.405	2020/11/18	PGRR	RC17	
DAT	29.235	2020/11/18	PGRR	RC17	
DAT	29.27	2020/11/18	PGRR	RC17	
DBX1	31.74	2020/11/18	PGRR	RC17	
DBX1	31.71	2020/11/18	PGRR	RC17	
DBX1	31.635	2020/11/18	PGRR	RC17	
DLK1	29.77	2020/11/18	PGRR	RC17	
DLK1	28.425	2020/11/18	PGRR	RC17	
DLK1	29.56	2020/11/18	PGRR	RC17	
DLX2	29.18	2020/11/18	PGRR	RC17	
DLX2	29.57	2020/11/18	PGRR	RC17	
DLX2	29.66	2020/11/18	PGRR	RC17	
DUSP6	24.705	2020/11/18	PGRR	RC17	
DUSP6	24.78	2020/11/18	PGRR	RC17	
DUSP6	24.18	2020/11/18	PGRR	RC17	
EGR2	28.965	2020/11/18	PGRR	RC17	
EGR2	28.53	2020/11/18	PGRR	RC17	
EGR2	29.575	2020/11/18	PGRR	RC17	
EMX1	31.005	2020/11/18	PGRR	RC17	
EMX1	30.54	2020/11/18	PGRR	RC17	
EMX1	30.92	2020/11/18	PGRR	RC17	
EN1	35	2020/11/18	PGRR	RC17	
EN1	35	2020/11/18	PGRR	RC17	
EN1	35	2020/11/18	PGRR	RC17	
EN2	35	2020/11/18	PGRR	RC17	
EN2	35	2020/11/18	PGRR	RC17	
EN2	35	2020/11/18	PGRR	RC17	
EOMES	33.095	2020/11/18	PGRR	RC17	
EOMES	30.315	2020/11/18	PGRR	RC17	
EOMES	33.61	2020/11/18	PGRR	RC17	
EPHA3	29.77	2020/11/18	PGRR	RC17	
EPHA3	31.35	2020/11/18	PGRR	RC17	
EPHA3	28.02	2020/11/18	PGRR	RC17	
ETV2	30.61	2020/11/18	PGRR	RC17	
ETV2	29.32	2020/11/18	PGRR	RC17	
ETV2	30.52	2020/11/18	PGRR	RC17	
ETV4	24.26	2020/11/18	PGRR	RC17	
ETV4	24.53	2020/11/18	PGRR	RC17	
ETV4	24.6	2020/11/18	PGRR	RC17	
ETV5	27.325	2020/11/18	PGRR	RC17	
ETV5	26.495	2020/11/18	PGRR	RC17	
ETV5	26.62	2020/11/18	PGRR	RC17	
FEZF1	22.565	2020/11/18	PGRR	RC17	
FEZF1	24.565	2020/11/18	PGRR	RC17	
FEZF1	22.6	2020/11/18	PGRR	RC17	
FGF8	28.375	2020/11/18	PGRR	RC17	
FGF8	28.235	2020/11/18	PGRR	RC17	
FGF8	29.63	2020/11/18	PGRR	RC17	
FGFR1	21.655	2020/11/18	PGRR	RC17	
FGFR1	22.94	2020/11/18	PGRR	RC17	
FGFR1	21.795	2020/11/18	PGRR	RC17	
FOXA1	30.93	2020/11/18	PGRR	RC17	
FOXA1	30.825	2020/11/18	PGRR	RC17	
FOXA1	31.305	2020/11/18	PGRR	RC17	
FOXA2	30.765	2020/11/18	PGRR	RC17	
FOXA2	35	2020/11/18	PGRR	RC17	
FOXA2	32.29	2020/11/18	PGRR	RC17	
FOXC1	34.44	2020/11/18	PGRR	RC17	
FOXC1	30.78	2020/11/18	PGRR	RC17	
FOXC1	35	2020/11/18	PGRR	RC17	
FOXD3	29.195	2020/11/18	PGRR	RC17	
FOXD3	29.48	2020/11/18	PGRR	RC17	
FOXD3	29.885	2020/11/18	PGRR	RC17	
FOXG1	30.4	2020/11/18	PGRR	RC17	
FOXG1	30.205	2020/11/18	PGRR	RC17	
FOXG1	30.2	2020/11/18	PGRR	RC17	
FOXP1	25.15	2020/11/18	PGRR	RC17	
FOXP1	25.13	2020/11/18	PGRR	RC17	
FOXP1	25.64	2020/11/18	PGRR	RC17	
FOXP2	32.6	2020/11/18	PGRR	RC17	
FOXP2	34.58	2020/11/18	PGRR	RC17	
FOXP2	31.845	2020/11/18	PGRR	RC17	
FREM1	30.695	2020/11/18	PGRR	RC17	
FREM1	31.8	2020/11/18	PGRR	RC17	
FREM1	30.955	2020/11/18	PGRR	RC17	
GABRA2	29.89	2020/11/18	PGRR	RC17	
GABRA2	30.195	2020/11/18	PGRR	RC17	
GABRA2	28.29	2020/11/18	PGRR	RC17	
GAD67	32.4	2020/11/18	PGRR	RC17	
GAD67	32.28	2020/11/18	PGRR	RC17	
GAD67	31.545	2020/11/18	PGRR	RC17	
GAPDH	17.47	2020/11/18	PGRR	RC17	
GAPDH	17.67	2020/11/18	PGRR	RC17	
GAPDH	17.535	2020/11/18	PGRR	RC17	
GBX2	33.245	2020/11/18	PGRR	RC17	
GBX2	31.23	2020/11/18	PGRR	RC17	
GBX2	33.67	2020/11/18	PGRR	RC17	
GDF7	35	2020/11/18	PGRR	RC17	
GDF7	35	2020/11/18	PGRR	RC17	
GDF7	35	2020/11/18	PGRR	RC17	
GSC	32.68	2020/11/18	PGRR	RC17	
GSC	31.44	2020/11/18	PGRR	RC17	
GSC	32.435	2020/11/18	PGRR	RC17	
GSX2	35	2020/11/18	PGRR	RC17	
GSX2	35	2020/11/18	PGRR	RC17	
GSX2	35	2020/11/18	PGRR	RC17	
HB9	33.985	2020/11/18	PGRR	RC17	
HB9	33.195	2020/11/18	PGRR	RC17	
HB9	33.87	2020/11/18	PGRR	RC17	
HOXA1	34.54	2020/11/18	PGRR	RC17	
HOXA1	33.585	2020/11/18	PGRR	RC17	
HOXA1	34.69	2020/11/18	PGRR	RC17	
HOXA2	33.915	2020/11/18	PGRR	RC17	
HOXA2	33.92	2020/11/18	PGRR	RC17	
HOXA2	34.63	2020/11/18	PGRR	RC17	
HOXA3	35	2020/11/18	PGRR	RC17	
HOXA3	35	2020/11/18	PGRR	RC17	
HOXA3	35	2020/11/18	PGRR	RC17	
HOXA4	35	2020/11/18	PGRR	RC17	
HOXA4	35	2020/11/18	PGRR	RC17	
HOXA4	35	2020/11/18	PGRR	RC17	
HOXA5	35	2020/11/18	PGRR	RC17	
HOXA5	35	2020/11/18	PGRR	RC17	
HOXA5	35	2020/11/18	PGRR	RC17	
HOXB1	35	2020/11/18	PGRR	RC17	
HOXB1	33.33	2020/11/18	PGRR	RC17	
HOXB1	35	2020/11/18	PGRR	RC17	
IRX3	32.955	2020/11/18	PGRR	RC17	
IRX3	32.03	2020/11/18	PGRR	RC17	
IRX3	33.03	2020/11/18	PGRR	RC17	
IRX5	27.78	2020/11/18	PGRR	RC17	
IRX5	27.745	2020/11/18	PGRR	RC17	
IRX5	27.76	2020/11/18	PGRR	RC17	
ISL1	31.455	2020/11/18	PGRR	RC17	
ISL1	31.21	2020/11/18	PGRR	RC17	
ISL1	31.935	2020/11/18	PGRR	RC17	
ISM1	27.545	2020/11/18	PGRR	RC17	
ISM1	28.755	2020/11/18	PGRR	RC17	
ISM1	28.045	2020/11/18	PGRR	RC17	
JAG1	27.665	2020/11/18	PGRR	RC17	
JAG1	27.815	2020/11/18	PGRR	RC17	
JAG1	26.72	2020/11/18	PGRR	RC17	
KDR	24.7	2020/11/18	PGRR	RC17	
KDR	25.435	2020/11/18	PGRR	RC17	
KDR	24.61	2020/11/18	PGRR	RC17	
LEF1	33.275	2020/11/18	PGRR	RC17	
LEF1	27.685	2020/11/18	PGRR	RC17	
LEF1	32.97	2020/11/18	PGRR	RC17	
LHX1	32.07	2020/11/18	PGRR	RC17	
LHX1	30.485	2020/11/18	PGRR	RC17	
LHX1	31.215	2020/11/18	PGRR	RC17	
LHX2	34.01	2020/11/18	PGRR	RC17	
LHX2	31.04	2020/11/18	PGRR	RC17	
LHX2	31.38	2020/11/18	PGRR	RC17	
LMX1A	35	2020/11/18	PGRR	RC17	
LMX1A	35	2020/11/18	PGRR	RC17	
LMX1A	35	2020/11/18	PGRR	RC17	
LMX1A-WPRE	35	2020/11/18	PGRR	RC17	
LMX1A-WPRE	35	2020/11/18	PGRR	RC17	
LMX1A-WPRE	35	2020/11/18	PGRR	RC17	
LMX1B	32.25	2020/11/18	PGRR	RC17	
LMX1B	31.175	2020/11/18	PGRR	RC17	
LMX1B	34.72	2020/11/18	PGRR	RC17	
LRP4	28.12	2020/11/18	PGRR	RC17	
LRP4	28.64	2020/11/18	PGRR	RC17	
LRP4	27.87	2020/11/18	PGRR	RC17	
MAFB	29.485	2020/11/18	PGRR	RC17	
MAFB	28.49	2020/11/18	PGRR	RC17	
MAFB	27.91	2020/11/18	PGRR	RC17	
MAP2	26.71	2020/11/18	PGRR	RC17	
MAP2	27.53	2020/11/18	PGRR	RC17	
MAP2	25.73	2020/11/18	PGRR	RC17	
MASH1	31.39	2020/11/18	PGRR	RC17	
MASH1	31.3	2020/11/18	PGRR	RC17	
MASH1	33.675	2020/11/18	PGRR	RC17	
MATH1	30.355	2020/11/18	PGRR	RC17	
MATH1	31.245	2020/11/18	PGRR	RC17	
MATH1	31.43	2020/11/18	PGRR	RC17	
MSX1	32.74	2020/11/18	PGRR	RC17	
MSX1	31.945	2020/11/18	PGRR	RC17	
MSX1	32.745	2020/11/18	PGRR	RC17	
MYT1L	32.335	2020/11/18	PGRR	RC17	
MYT1L	32.47	2020/11/18	PGRR	RC17	
MYT1L	32.03	2020/11/18	PGRR	RC17	
NANOG	20.515	2020/11/18	PGRR	RC17	
NANOG	21.37	2020/11/18	PGRR	RC17	
NANOG	21.05	2020/11/18	PGRR	RC17	
NCAM1	27.575	2020/11/18	PGRR	RC17	
NCAM1	28.165	2020/11/18	PGRR	RC17	
NCAM1	27.07	2020/11/18	PGRR	RC17	
NGN2	34.46	2020/11/18	PGRR	RC17	
NGN2	34.46	2020/11/18	PGRR	RC17	
NGN2	35	2020/11/18	PGRR	RC17	
NKX2-1	35	2020/11/18	PGRR	RC17	
NKX2-1	35	2020/11/18	PGRR	RC17	
NKX2-1	35	2020/11/18	PGRR	RC17	
NKX2-2	35	2020/11/18	PGRR	RC17	
NKX2-2	35	2020/11/18	PGRR	RC17	
NKX2-2	35	2020/11/18	PGRR	RC17	
NKX2-4	31.05	2020/11/18	PGRR	RC17	
NKX2-4	27.73	2020/11/18	PGRR	RC17	
NKX2-4	31.785	2020/11/18	PGRR	RC17	
NKX2-5	35	2020/11/18	PGRR	RC17	
NKX2-5	35	2020/11/18	PGRR	RC17	
NKX2-5	35	2020/11/18	PGRR	RC17	
NKX6-1	32.265	2020/11/18	PGRR	RC17	
NKX6-1	31.765	2020/11/18	PGRR	RC17	
NKX6-1	33.385	2020/11/18	PGRR	RC17	
NKX6-2	32.68	2020/11/18	PGRR	RC17	
NKX6-2	31.935	2020/11/18	PGRR	RC17	
NKX6-2	34.17	2020/11/18	PGRR	RC17	
NOV	29.47	2020/11/18	PGRR	RC17	
NOV	28.71	2020/11/18	PGRR	RC17	
NOV	30.32	2020/11/18	PGRR	RC17	
NTN1	35	2020/11/18	PGRR	RC17	
NTN1	35	2020/11/18	PGRR	RC17	
NTN1	35	2020/11/18	PGRR	RC17	
NURR1	29.15	2020/11/18	PGRR	RC17	
NURR1	30.205	2020/11/18	PGRR	RC17	
NURR1	30.225	2020/11/18	PGRR	RC17	
OCT4	18.09	2020/11/18	PGRR	RC17	
OCT4	18.325	2020/11/18	PGRR	RC17	
OCT4	18.16	2020/11/18	PGRR	RC17	
OLIG2	35	2020/11/18	PGRR	RC17	
OLIG2	35	2020/11/18	PGRR	RC17	
OLIG2	34.755	2020/11/18	PGRR	RC17	
OTP	35	2020/11/18	PGRR	RC17	
OTP	34.345	2020/11/18	PGRR	RC17	
OTP	35	2020/11/18	PGRR	RC17	
OTX1	31.715	2020/11/18	PGRR	RC17	
OTX1	31.61	2020/11/18	PGRR	RC17	
OTX1	31.5	2020/11/18	PGRR	RC17	
OTX2	22.44	2020/11/18	PGRR	RC17	
OTX2	23.015	2020/11/18	PGRR	RC17	
OTX2	22.28	2020/11/18	PGRR	RC17	
PAX2	30.765	2020/11/18	PGRR	RC17	
PAX2	30.84	2020/11/18	PGRR	RC17	
PAX2	30.88	2020/11/18	PGRR	RC17	
PAX3	35	2020/11/18	PGRR	RC17	
PAX3	35	2020/11/18	PGRR	RC17	
PAX3	35	2020/11/18	PGRR	RC17	
PAX5	35	2020/11/18	PGRR	RC17	
PAX5	31.815	2020/11/18	PGRR	RC17	
PAX5	33.63	2020/11/18	PGRR	RC17	
PAX6	29.485	2020/11/18	PGRR	RC17	
PAX6	27.105	2020/11/18	PGRR	RC17	
PAX6	28.97	2020/11/18	PGRR	RC17	
PAX7	35	2020/11/18	PGRR	RC17	
PAX7	31.96	2020/11/18	PGRR	RC17	
PAX7	32.265	2020/11/18	PGRR	RC17	
PAX8	35	2020/11/18	PGRR	RC17	
PAX8	33.79	2020/11/18	PGRR	RC17	
PAX8	35	2020/11/18	PGRR	RC17	
PECAM1	35	2020/11/18	PGRR	RC17	
PECAM1	35	2020/11/18	PGRR	RC17	
PECAM1	34.73	2020/11/18	PGRR	RC17	
PITX2	31.835	2020/11/18	PGRR	RC17	
PITX2	31.4	2020/11/18	PGRR	RC17	
PITX2	32.795	2020/11/18	PGRR	RC17	
PITX3	32.93	2020/11/18	PGRR	RC17	
PITX3	33.235	2020/11/18	PGRR	RC17	
PITX3	33.495	2020/11/18	PGRR	RC17	
PVALB	28.56	2020/11/18	PGRR	RC17	
PVALB	28.92	2020/11/18	PGRR	RC17	
PVALB	27.95	2020/11/18	PGRR	RC17	
RARA	30.95	2020/11/18	PGRR	RC17	
RARA	30.685	2020/11/18	PGRR	RC17	
RARA	31.55	2020/11/18	PGRR	RC17	
RGR	35	2020/11/18	PGRR	RC17	
RGR	35	2020/11/18	PGRR	RC17	
RGR	34.265	2020/11/18	PGRR	RC17	
RSPO2	33.435	2020/11/18	PGRR	RC17	
RSPO2	29.01	2020/11/18	PGRR	RC17	
RSPO2	32.04	2020/11/18	PGRR	RC17	
SERT	30.935	2020/11/18	PGRR	RC17	
SERT	30.18	2020/11/18	PGRR	RC17	
SERT	31.025	2020/11/18	PGRR	RC17	
SHH	33.09	2020/11/18	PGRR	RC17	
SHH	34.52	2020/11/18	PGRR	RC17	
SHH	33.555	2020/11/18	PGRR	RC17	
SIM1	34.51	2020/11/18	PGRR	RC17	
SIM1	32.845	2020/11/18	PGRR	RC17	
SIM1	32.255	2020/11/18	PGRR	RC17	
SIX1	32.455	2020/11/18	PGRR	RC17	
SIX1	31.73	2020/11/18	PGRR	RC17	
SIX1	32.425	2020/11/18	PGRR	RC17	
SIX3	28.325	2020/11/18	PGRR	RC17	
SIX3	27.73	2020/11/18	PGRR	RC17	
SIX3	27.26	2020/11/18	PGRR	RC17	
SIX6	30.725	2020/11/18	PGRR	RC17	
SIX6	30.805	2020/11/18	PGRR	RC17	
SIX6	30.195	2020/11/18	PGRR	RC17	
SNAI2	29.955	2020/11/18	PGRR	RC17	
SNAI2	28.155	2020/11/18	PGRR	RC17	
SNAI2	31.105	2020/11/18	PGRR	RC17	
SOX1	31.505	2020/11/18	PGRR	RC17	
SOX1	33.795	2020/11/18	PGRR	RC17	
SOX1	32.745	2020/11/18	PGRR	RC17	
SOX2	21.925	2020/11/18	PGRR	RC17	
SOX2	22.9	2020/11/18	PGRR	RC17	
SOX2	22.55	2020/11/18	PGRR	RC17	
SOX6	35	2020/11/18	PGRR	RC17	
SOX6	35	2020/11/18	PGRR	RC17	
SOX6	31.99	2020/11/18	PGRR	RC17	
SOX9	26.35	2020/11/18	PGRR	RC17	
SOX9	25.44	2020/11/18	PGRR	RC17	
SOX9	26.025	2020/11/18	PGRR	RC17	
SOX10	26.595	2020/11/18	PGRR	RC17	
SOX10	27.67	2020/11/18	PGRR	RC17	
SOX10	27.48	2020/11/18	PGRR	RC17	
SOX11	24.445	2020/11/18	PGRR	RC17	
SOX11	26.895	2020/11/18	PGRR	RC17	
SOX11	24.68	2020/11/18	PGRR	RC17	
SOX14	33.735	2020/11/18	PGRR	RC17	
SOX14	32.595	2020/11/18	PGRR	RC17	
SOX14	33.87	2020/11/18	PGRR	RC17	
SP5	32.435	2020/11/18	PGRR	RC17	
SP5	32.365	2020/11/18	PGRR	RC17	
SP5	32.205	2020/11/18	PGRR	RC17	
SPRY1	24.265	2020/11/18	PGRR	RC17	
SPRY1	25.11	2020/11/18	PGRR	RC17	
SPRY1	24.285	2020/11/18	PGRR	RC17	
SYN1	24.92	2020/11/18	PGRR	RC17	
SYN1	25.67	2020/11/18	PGRR	RC17	
SYN1	25.72	2020/11/18	PGRR	RC17	
SYP	26.37	2020/11/18	PGRR	RC17	
SYP	27.045	2020/11/18	PGRR	RC17	
SYP	27.24	2020/11/18	PGRR	RC17	
TAL2	34.23	2020/11/18	PGRR	RC17	
TAL2	35	2020/11/18	PGRR	RC17	
TAL2	35	2020/11/18	PGRR	RC17	
TBR1	35	2020/11/18	PGRR	RC17	
TBR1	34.675	2020/11/18	PGRR	RC17	
TBR1	35	2020/11/18	PGRR	RC17	
TH	34.575	2020/11/18	PGRR	RC17	
TH	35	2020/11/18	PGRR	RC17	
TH	35	2020/11/18	PGRR	RC17	
TTR	31.15	2020/11/18	PGRR	RC17	
TTR	31.26	2020/11/18	PGRR	RC17	
TTR	31.77	2020/11/18	PGRR	RC17	
VGLUT1	29.25	2020/11/18	PGRR	RC17	
VGLUT1	27.955	2020/11/18	PGRR	RC17	
VGLUT1	29.3	2020/11/18	PGRR	RC17	
WNT1	35	2020/11/18	PGRR	RC17	
WNT1	32.05	2020/11/18	PGRR	RC17	
WNT1	33.265	2020/11/18	PGRR	RC17	
WNT2B	31.405	2020/11/18	PGRR	RC17	
WNT2B	31.47	2020/11/18	PGRR	RC17	
WNT2B	31.7	2020/11/18	PGRR	RC17	
WNT3A	35	2020/11/18	PGRR	RC17	
WNT3A	35	2020/11/18	PGRR	RC17	
WNT3A	35	2020/11/18	PGRR	RC17	
WNT8B	35	2020/11/18	PGRR	RC17	
WNT8B	35	2020/11/18	PGRR	RC17	
WNT8B	35	2020/11/18	PGRR	RC17	
AQP4	30.095	2020/11/18	PGRR	RC17	
AQP4	29.61	2020/11/18	PGRR	RC17	
AQP4	29.37	2020/11/18	PGRR	RC17	
COL3A1_v2	35	2020/11/18	PGRR	RC17	
COL3A1_v2	29.01	2020/11/18	PGRR	RC17	
COL3A1_v2	34.1	2020/11/18	PGRR	RC17	
FBLN1	21.82	2020/11/18	PGRR	RC17	
FBLN1	22.11	2020/11/18	PGRR	RC17	
FBLN1	22.04	2020/11/18	PGRR	RC17	
EMP2	30.54	2020/11/18	PGRR	RC17	
EMP2	31.13	2020/11/18	PGRR	RC17	
EMP2	30.89	2020/11/18	PGRR	RC17	
OLFML3	22.72	2020/11/18	PGRR	RC17	
OLFML3	23.525	2020/11/18	PGRR	RC17	
OLFML3	23.045	2020/11/18	PGRR	RC17	
ONECUT2	29.255	2020/11/18	PGRR	RC17	
ONECUT2	30.405	2020/11/18	PGRR	RC17	
ONECUT2	29.63	2020/11/18	PGRR	RC17	
PCOLCE	27.385	2020/11/18	PGRR	RC17	
PCOLCE	27.87	2020/11/18	PGRR	RC17	
PCOLCE	28.13	2020/11/18	PGRR	RC17	
IGFBP2	31.915	2020/11/18	PGRR	RC17	
IGFBP2	31.675	2020/11/18	PGRR	RC17	
IGFBP2	29.655	2020/11/18	PGRR	RC17	
CRABP2	22.79	2020/11/18	PGRR	RC17	
CRABP2	22.5	2020/11/18	PGRR	RC17	
CRABP2	22.58	2020/11/18	PGRR	RC17	
LGI1	35	2020/11/18	PGRR	RC17	
LGI1	34.005	2020/11/18	PGRR	RC17	
LGI1	34.305	2020/11/18	PGRR	RC17	
SERPINF1	25.72	2020/11/18	PGRR	RC17	
SERPINF1	25.735	2020/11/18	PGRR	RC17	
SERPINF1	25.62	2020/11/18	PGRR	RC17	
FREM1_v2	30.425	2020/11/18	PGRR	RC17	
FREM1_v2	31.995	2020/11/18	PGRR	RC17	
FREM1_v2	31.235	2020/11/18	PGRR	RC17	
L1CAM	25.28	2020/11/18	PGRR	RC17	
L1CAM	25.895	2020/11/18	PGRR	RC17	
L1CAM	25.36	2020/11/18	PGRR	RC17	
CHL1	29.835	2020/11/18	PGRR	RC17	
CHL1	29.87	2020/11/18	PGRR	RC17	
CHL1	29.9	2020/11/18	PGRR	RC17	
COL1A1	23.925	2020/11/18	PGRR	RC17	
COL1A1	24.23	2020/11/18	PGRR	RC17	
COL1A1	24.5	2020/11/18	PGRR	RC17	
KRT8	32.255	2020/11/18	PGRR	RC17	
KRT8	32.505	2020/11/18	PGRR	RC17	
KRT8	32.82	2020/11/18	PGRR	RC17	
FMOD	32.015	2020/11/18	PGRR	RC17	
FMOD	31.84	2020/11/18	PGRR	RC17	
FMOD	33.155	2020/11/18	PGRR	RC17	
PDGFD	29.26	2020/11/18	PGRR	RC17	
PDGFD	30.045	2020/11/18	PGRR	RC17	
PDGFD	29.905	2020/11/18	PGRR	RC17	
LHX6	34.645	2020/11/18	PGRR	RC17	
LHX6	32.69	2020/11/18	PGRR	RC17	
LHX6	35	2020/11/18	PGRR	RC17	
LHX8	31.855	2020/11/18	PGRR	RC17	
LHX8	31.41	2020/11/18	PGRR	RC17	
LHX8	33.545	2020/11/18	PGRR	RC17	
ZNF503	35	2020/11/18	PGRR	RC17	
ZNF503	33.08	2020/11/18	PGRR	RC17	
ZNF503	35	2020/11/18	PGRR	RC17	
SATB2	26.93	2020/11/18	PGRR	RC17	
SATB2	27.065	2020/11/18	PGRR	RC17	
SATB2	28.605	2020/11/18	PGRR	RC17	
BCL11B	26.05	2020/11/18	PGRR	RC17	
BCL11B	26	2020/11/18	PGRR	RC17	
BCL11B	27.55	2020/11/18	PGRR	RC17	
GFP	28.23	2020/11/18	PGRR	RC17	
GFP	28.105	2020/11/18	PGRR	RC17	
GFP	28.17	2020/11/18	PGRR	RC17	
TCF4	35	2020/11/18	PGRR	RC17	
TCF4	35	2020/11/18	PGRR	RC17	
TCF4	35	2020/11/18	PGRR	RC17	
MEIS1	33.565	2020/11/18	PGRR	RC17	
MEIS1	31.595	2020/11/18	PGRR	RC17	
MEIS1	33.13	2020/11/18	PGRR	RC17	
MEIS2	32.015	2020/11/18	PGRR	RC17	
MEIS2	31.415	2020/11/18	PGRR	RC17	
MEIS2	32.085	2020/11/18	PGRR	RC17	
PTF1A	35	2020/11/18	PGRR	RC17	
PTF1A	35	2020/11/18	PGRR	RC17	
PTF1A	35	2020/11/18	PGRR	RC17	
IRX1	28.93	2020/11/18	PGRR	RC17	
IRX1	29.02	2020/11/18	PGRR	RC17	
IRX1	29.93	2020/11/18	PGRR	RC17	
PDGFRA	29.97	2020/11/18	PGRR	RC17	
PDGFRA	28.48	2020/11/18	PGRR	RC17	
PDGFRA	30.535	2020/11/18	PGRR	RC17	
COL2A1	30.875	2020/11/18	PGRR	RC17	
COL2A1	28.99	2020/11/18	PGRR	RC17	
COL2A1	30.535	2020/11/18	PGRR	RC17	
LEPR	27.515	2020/11/18	PGRR	RC17	
LEPR	28.48	2020/11/18	PGRR	RC17	
LEPR	27.425	2020/11/18	PGRR	RC17	
CDH2	24.15	2020/11/18	PGRR	RC17	
CDH2	24.25	2020/11/18	PGRR	RC17	
CDH2	24.525	2020/11/18	PGRR	RC17	
SP5_v2	33.7	2020/11/18	PGRR	RC17	
SP5_v2	34.335	2020/11/18	PGRR	RC17	
SP5_v2	33.005	2020/11/18	PGRR	RC17	
RBP1	29.56	2020/11/18	PGRR	RC17	
RBP1	29.805	2020/11/18	PGRR	RC17	
RBP1	29.565	2020/11/18	PGRR	RC17	
FST	30.735	2020/11/18	PGRR	RC17	
FST	29.675	2020/11/18	PGRR	RC17	
FST	31.17	2020/11/18	PGRR	RC17	
VEGFA	24.6	2020/11/18	PGRR	RC17	
VEGFA	24.655	2020/11/18	PGRR	RC17	
VEGFA	24.565	2020/11/18	PGRR	RC17	
CCL2	28.255	2020/11/18	PGRR	RC17	
CCL2	28.815	2020/11/18	PGRR	RC17	
CCL2	27.95	2020/11/18	PGRR	RC17	
ANXA1	27.16	2020/11/18	PGRR	RC17	
ANXA1	26.92	2020/11/18	PGRR	RC17	
ANXA1	31.47	2020/11/18	PGRR	RC17	
FGF17	32.56	2020/11/18	PGRR	RC17	
FGF17	32.925	2020/11/18	PGRR	RC17	
FGF17	33.55	2020/11/18	PGRR	RC17	
FGF18	31.35	2020/11/18	PGRR	RC17	
FGF18	30.39	2020/11/18	PGRR	RC17	
FGF18	30.81	2020/11/18	PGRR	RC17	
ACTB_v2	16.235	2020/11/18	PGRR	RC17	
ACTB_v2	16.25	2020/11/18	PGRR	RC17	
ACTB_v2	16.88	2020/11/18	PGRR	RC17	
PTX3	30.955	2020/11/18	PGRR	RC17	
PTX3	29.375	2020/11/18	PGRR	RC17	
PTX3	30.145	2020/11/18	PGRR	RC17	
FOXG1_v2	31.635	2020/11/18	PGRR	RC17	
FOXG1_v2	31.46	2020/11/18	PGRR	RC17	
FOXG1_v2	30.43	2020/11/18	PGRR	RC17	
AGRP	32.61	2020/11/18	PGRR	RC17	
AGRP	33.935	2020/11/18	PGRR	RC17	
AGRP	32.595	2020/11/18	PGRR	RC17	
NPY	27.065	2020/11/18	PGRR	RC17	
NPY	26.63	2020/11/18	PGRR	RC17	
NPY	27.24	2020/11/18	PGRR	RC17	
MC4R	35	2020/11/18	PGRR	RC17	
MC4R	35	2020/11/18	PGRR	RC17	
MC4R	33.485	2020/11/18	PGRR	RC17	
PCSK2	29.38	2020/11/18	PGRR	RC17	
PCSK2	30.295	2020/11/18	PGRR	RC17	
PCSK2	30.165	2020/11/18	PGRR	RC17	
OTP_v2	32.69	2020/11/18	PGRR	RC17	
OTP_v2	32.14	2020/11/18	PGRR	RC17	
OTP_v2	32.3	2020/11/18	PGRR	RC17	
LHX9	35	2020/11/18	PGRR	RC17	
LHX9	34.44	2020/11/18	PGRR	RC17	
LHX9	35	2020/11/18	PGRR	RC17	
HCRT	32.8	2020/11/18	PGRR	RC17	
HCRT	32.325	2020/11/18	PGRR	RC17	
HCRT	33.845	2020/11/18	PGRR	RC17	
BDNF	26.475	2020/11/18	PGRR	RC17	
BDNF	27.235	2020/11/18	PGRR	RC17	
BDNF	26.075	2020/11/18	PGRR	RC17	
TRH	34.01	2020/11/18	PGRR	RC17	
TRH	33.515	2020/11/18	PGRR	RC17	
TRH	33.69	2020/11/18	PGRR	RC17	
RAX	35	2020/11/18	PGRR	RC17	
RAX	33.32	2020/11/18	PGRR	RC17	
RAX	32.145	2020/11/18	PGRR	RC17	
BGN	29.03	2020/11/18	PGRR	RC17	
BGN	29.215	2020/11/18	PGRR	RC17	
BGN	28.795	2020/11/18	PGRR	RC17	
CART	35	2020/11/18	PGRR	RC17	
CART	34.09	2020/11/18	PGRR	RC17	
CART	35	2020/11/18	PGRR	RC17	
SST	30.37	2020/11/18	PGRR	RC17	
SST	30.585	2020/11/18	PGRR	RC17	
SST	32.33	2020/11/18	PGRR	RC17	
NGN3	34.48	2020/11/18	PGRR	RC17	
NGN3	35	2020/11/18	PGRR	RC17	
NGN3	35	2020/11/18	PGRR	RC17	
KISS1	35	2020/11/18	PGRR	RC17	
KISS1	35	2020/11/18	PGRR	RC17	
KISS1	35	2020/11/18	PGRR	RC17	
GHRH	31.54	2020/11/18	PGRR	RC17	
GHRH	31.12	2020/11/18	PGRR	RC17	
GHRH	32.215	2020/11/18	PGRR	RC17	
BSX	35	2020/11/18	PGRR	RC17	
BSX	35	2020/11/18	PGRR	RC17	
BSX	35	2020/11/18	PGRR	RC17	
FGF10	32.315	2020/11/18	PGRR	RC17	
FGF10	31.83	2020/11/18	PGRR	RC17	
FGF10	31.74	2020/11/18	PGRR	RC17	
POMC	28.955	2020/11/18	PGRR	RC17	
POMC	28.74	2020/11/18	PGRR	RC17	
POMC	29.6	2020/11/18	PGRR	RC17	
FGF1	33.185	2020/11/18	PGRR	RC17	
FGF1	35	2020/11/18	PGRR	RC17	
FGF1	35	2020/11/18	PGRR	RC17	
Ki67	22.425	2020/11/18	PGRR	RC17	
Ki67	23.56	2020/11/18	PGRR	RC17	
Ki67	24.16	2020/11/18	PGRR	RC17	
CCL1	35	2020/11/18	PGRR	RC17	
CCL1	35	2020/11/18	PGRR	RC17	
CCL1	35	2020/11/18	PGRR	RC17	
SAA3	32.695	2020/11/18	PGRR	RC17	
SAA3	32.575	2020/11/18	PGRR	RC17	
SAA3	33.37	2020/11/18	PGRR	RC17	
DCN	34.645	2020/11/18	PGRR	RC17	
DCN	32.655	2020/11/18	PGRR	RC17	
DCN	33.88	2020/11/18	PGRR	RC17	
TBX3	35	2020/11/18	PGRR	RC17	
TBX3	31.615	2020/11/18	PGRR	RC17	
TBX3	35	2020/11/18	PGRR	RC17	
TGFb	28.62	2020/11/18	PGRR	RC17	
TGFb	28.915	2020/11/18	PGRR	RC17	
TGFb	29.835	2020/11/18	PGRR	RC17	
MCHR1	28.23	2020/11/18	PGRR	RC17	
MCHR1	28.065	2020/11/18	PGRR	RC17	
MCHR1	28.775	2020/11/18	PGRR	RC17	
NHLH2	27.575	2020/11/18	PGRR	RC17	
NHLH2	27.54	2020/11/18	PGRR	RC17	
NHLH2	27.525	2020/11/18	PGRR	RC17	
HES1	26.22	2020/11/18	PGRR	RC17	
HES1	27.72	2020/11/18	PGRR	RC17	
HES1	25.135	2020/11/18	PGRR	RC17	
NR5A1	34.405	2020/11/18	PGRR	RC17	
NR5A1	31.845	2020/11/18	PGRR	RC17	
NR5A1	34.72	2020/11/18	PGRR	RC17	
FOXD1	31.01	2020/11/18	PGRR	RC17	
FOXD1	29.795	2020/11/18	PGRR	RC17	
FOXD1	29.885	2020/11/18	PGRR	RC17	
SOX21	25.745	2020/11/18	PGRR	RC17	
SOX21	25.69	2020/11/18	PGRR	RC17	
SOX21	26.435	2020/11/18	PGRR	RC17	
QRFP	29.52	2020/11/18	PGRR	RC17	
QRFP	28.47	2020/11/18	PGRR	RC17	
QRFP	30.64	2020/11/18	PGRR	RC17	
MCH	27.67	2020/11/18	PGRR	RC17	
MCH	29.52	2020/11/18	PGRR	RC17	
MCH	28.265	2020/11/18	PGRR	RC17	
HCRT2	31.76	2020/11/18	PGRR	RC17	
HCRT2	31.745	2020/11/18	PGRR	RC17	
HCRT2	31.425	2020/11/18	PGRR	RC17	
OTXR	29.635	2020/11/18	PGRR	RC17	
OTXR	28.12	2020/11/18	PGRR	RC17	
OTXR	31.095	2020/11/18	PGRR	RC17	
NTS	27.64	2020/11/18	PGRR	RC17	
NTS	27.445	2020/11/18	PGRR	RC17	
NTS	28.085	2020/11/18	PGRR	RC17	
PDGFRb	29.175	2020/11/18	PGRR	RC17	
PDGFRb	29.39	2020/11/18	PGRR	RC17	
PDGFRb	28.96	2020/11/18	PGRR	RC17	
NROB1	31.58	2020/11/18	PGRR	RC17	
NROB1	31.1	2020/11/18	PGRR	RC17	
NROB1	32.33	2020/11/18	PGRR	RC17	
FOXB1	26.4	2020/11/18	PGRR	RC17	
FOXB1	28.4	2020/11/18	PGRR	RC17	
FOXB1	26.8	2020/11/18	PGRR	RC17	
VMAT2	29.58	2020/11/18	PGRR	RC17	
VMAT2	29.3	2020/11/18	PGRR	RC17	
VMAT2	29.26	2020/11/18	PGRR	RC17	
NET	35	2020/11/18	PGRR	RC17	
NET	32.06	2020/11/18	PGRR	RC17	
NET	35	2020/11/18	PGRR	RC17	
ARNT2	25.04	2020/11/18	PGRR	RC17	
ARNT2	25.995	2020/11/18	PGRR	RC17	
ARNT2	26.045	2020/11/18	PGRR	RC17	
RFX4	34.3	2020/11/18	PGRR	RC17	
RFX4	32.345	2020/11/18	PGRR	RC17	
RFX4	35	2020/11/18	PGRR	RC17	
SIM2	35	2020/11/18	PGRR	RC17	
SIM2	32.11	2020/11/18	PGRR	RC17	
SIM2	35	2020/11/18	PGRR	RC17	
NPW	30.94	2020/11/18	PGRR	RC17	
NPW	30.665	2020/11/18	PGRR	RC17	
NPW	31.2	2020/11/18	PGRR	RC17	
C1Q13	27.18	2020/11/18	PGRR	RC17	
C1Q13	25.775	2020/11/18	PGRR	RC17	
C1Q13	26.96	2020/11/18	PGRR	RC17	
PCSK1	30.02	2020/11/18	PGRR	RC17	
PCSK1	29.015	2020/11/18	PGRR	RC17	
PCSK1	30.84	2020/11/18	PGRR	RC17	
PDYN	29.925	2020/11/18	PGRR	RC17	
PDYN	29.62	2020/11/18	PGRR	RC17	
PDYN	29.825	2020/11/18	PGRR	RC17	
PRDM12	35	2020/11/18	PGRR	RC17	
PRDM12	31.24	2020/11/18	PGRR	RC17	
PRDM12	35	2020/11/18	PGRR	RC17	
TMEM114	31.265	2020/11/18	PGRR	RC17	
TMEM114	31.735	2020/11/18	PGRR	RC17	
TMEM114	30.945	2020/11/18	PGRR	RC17	
CREB3L1	26.11	2020/11/18	PGRR	RC17	
CREB3L1	26.665	2020/11/18	PGRR	RC17	
CREB3L1	26.26	2020/11/18	PGRR	RC17	
MPZ	27.995	2020/11/18	PGRR	RC17	
MPZ	28.005	2020/11/18	PGRR	RC17	
MPZ	28.795	2020/11/18	PGRR	RC17	
CD44	26.515	2020/11/18	PGRR	RC17	
CD44	25.695	2020/11/18	PGRR	RC17	
CD44	27.465	2020/11/18	PGRR	RC17	
GHR	30.395	2020/11/18	PGRR	RC17	
GHR	29.23	2020/11/18	PGRR	RC17	
GHR	30.325	2020/11/18	PGRR	RC17	
UNC5D	24.69	2020/11/18	PGRR	RC17	
UNC5D	26.48	2020/11/18	PGRR	RC17	
UNC5D	25.055	2020/11/18	PGRR	RC17	
SP8	30.825	2020/11/18	PGRR	RC17	
SP8	30.43	2020/11/18	PGRR	RC17	
SP8	29.865	2020/11/18	PGRR	RC17	
PCP4	27.085	2020/11/18	PGRR	RC17	
PCP4	27.735	2020/11/18	PGRR	RC17	
PCP4	27.765	2020/11/18	PGRR	RC17	
S100A10	21.52	2020/11/18	PGRR	RC17	
S100A10	21.58	2020/11/18	PGRR	RC17	
S100A10	22.55	2020/11/18	PGRR	RC17	
RBFOX1	29.145	2020/11/18	PGRR	RC17	
RBFOX1	29.655	2020/11/18	PGRR	RC17	
RBFOX1	28.73	2020/11/18	PGRR	RC17	
ZIC1	34.15	2020/11/18	PGRR	RC17	
ZIC1	29.755	2020/11/18	PGRR	RC17	
ZIC1	30.965	2020/11/18	PGRR	RC17	
CHCHD10	21.465	2020/11/18	PGRR	RC17	
CHCHD10	22.01	2020/11/18	PGRR	RC17	
CHCHD10	21.905	2020/11/18	PGRR	RC17	
NRN1	33.965	2020/11/18	PGRR	RC17	
NRN1	31.56	2020/11/18	PGRR	RC17	
NRN1	30.14	2020/11/18	PGRR	RC17	
GM28050(ms)	35	2020/11/18	PGRR	RC17	
GM28050(ms)	35	2020/11/18	PGRR	RC17	
GM28050(ms)	35	2020/11/18	PGRR	RC17	
HMX2	35	2020/11/18	PGRR	RC17	
HMX2	35	2020/11/18	PGRR	RC17	
HMX2	35	2020/11/18	PGRR	RC17	
HMX3	35	2020/11/18	PGRR	RC17	
HMX3	35	2020/11/18	PGRR	RC17	
HMX3	35	2020/11/18	PGRR	RC17	
CITED1	29.365	2020/11/18	PGRR	RC17	
CITED1	28.645	2020/11/18	PGRR	RC17	
CITED1	29.765	2020/11/18	PGRR	RC17	
AVP	30.99	2020/11/18	PGRR	RC17	
AVP	30.685	2020/11/18	PGRR	RC17	
AVP	30.645	2020/11/18	PGRR	RC17	
SOX4	22.555	2020/11/18	PGRR	RC17	
SOX4	22.285	2020/11/18	PGRR	RC17	
SOX4	22.935	2020/11/18	PGRR	RC17	
JUND	21.59	2020/11/18	PGRR	RC17	
JUND	22.285	2020/11/18	PGRR	RC17	
JUND	21.91	2020/11/18	PGRR	RC17	
VIM	22.615	2020/11/18	PGRR	RC17	
VIM	22.67	2020/11/18	PGRR	RC17	
VIM	22.785	2020/11/18	PGRR	RC17	
B3GAT1	26.485	2020/11/18	PGRR	RC17	
B3GAT1	27.975	2020/11/18	PGRR	RC17	
B3GAT1	26.905	2020/11/18	PGRR	RC17	
p75NTR	27.81	2020/11/18	PGRR	RC17	
p75NTR	25.265	2020/11/18	PGRR	RC17	
p75NTR	27.535	2020/11/18	PGRR	RC17	
TFAP2A	35	2020/11/18	PGRR	RC17	
TFAP2A	35	2020/11/18	PGRR	RC17	
TFAP2A	35	2020/11/18	PGRR	RC17	
DMBX1	35	2020/11/18	PGRR	RC17	
DMBX1	33.22	2020/11/18	PGRR	RC17	
DMBX1	35	2020/11/18	PGRR	RC17	
SOX10	28.88	2020/11/18	PGRR	RC17	
SOX10	29.94	2020/11/18	PGRR	RC17	
SOX10	29.79	2020/11/18	PGRR	RC17	
ERBB3	23.84	2020/11/18	PGRR	RC17	
ERBB3	24.23	2020/11/18	PGRR	RC17	
ERBB3	24.625	2020/11/18	PGRR	RC17	
EPHA6	32.985	2020/11/18	PGRR	RC17	
EPHA6	33.81	2020/11/18	PGRR	RC17	
EPHA6	31.6	2020/11/18	PGRR	RC17	
ITGA4	28.205	2020/11/18	PGRR	RC17	
ITGA4	28.03	2020/11/18	PGRR	RC17	
ITGA4	28	2020/11/18	PGRR	RC17	
LUM_2	35	2020/11/18	PGRR	RC17	
LUM_2	32.18	2020/11/18	PGRR	RC17	
LUM_2	35	2020/11/18	PGRR	RC17	
PRPH	31.73	2020/11/18	PGRR	RC17	
PRPH	30.725	2020/11/18	PGRR	RC17	
PRPH	31.8	2020/11/18	PGRR	RC17	
TRKA	33.835	2020/11/18	PGRR	RC17	
TRKA	33.63	2020/11/18	PGRR	RC17	
TRKA	33.685	2020/11/18	PGRR	RC17	
TRKB	34.04	2020/11/18	PGRR	RC17	
TRKB	31.285	2020/11/18	PGRR	RC17	
TRKB	35	2020/11/18	PGRR	RC17	
TRKC	28.525	2020/11/18	PGRR	RC17	
TRKC	27.215	2020/11/18	PGRR	RC17	
TRKC	28.015	2020/11/18	PGRR	RC17	
GAP43	23.875	2020/11/18	PGRR	RC17	
GAP43	24.58	2020/11/18	PGRR	RC17	
GAP43	25.24	2020/11/18	PGRR	RC17	
MBP	25.075	2020/11/18	PGRR	RC17	
MBP	26.81	2020/11/18	PGRR	RC17	
MBP	25.135	2020/11/18	PGRR	RC17	
DCT	34.705	2020/11/18	PGRR	RC17	
DCT	33.925	2020/11/18	PGRR	RC17	
DCT	34.68	2020/11/18	PGRR	RC17	
PNMT	35	2020/11/18	PGRR	RC17	
PNMT	35	2020/11/18	PGRR	RC17	
PNMT	35	2020/11/18	PGRR	RC17	
KTN	35	2020/11/18	PGRR	RC17	
KTN	35	2020/11/18	PGRR	RC17	
KTN	35	2020/11/18	PGRR	RC17	
FAM19A1	35	2020/11/18	PGRR	RC17	
FAM19A1	35	2020/11/18	PGRR	RC17	
FAM19A1	34.545	2020/11/18	PGRR	RC17	
SEMA3A	22.705	2020/11/18	PGRR	RC17	
SEMA3A	23.885	2020/11/18	PGRR	RC17	
SEMA3A	23.205	2020/11/18	PGRR	RC17	
DSPP	35	2020/11/18	PGRR	RC17	
DSPP	35	2020/11/18	PGRR	RC17	
DSPP	35	2020/11/18	PGRR	RC17	
DMP1	33.4	2020/11/18	PGRR	RC17	
DMP1	31.89	2020/11/18	PGRR	RC17	
DMP1	35	2020/11/18	PGRR	RC17	
NECAB2	27.545	2020/11/18	PGRR	RC17	
NECAB2	27.63	2020/11/18	PGRR	RC17	
NECAB2	27.52	2020/11/18	PGRR	RC17	
TRPV1	28.755	2020/11/18	PGRR	RC17	
TRPV1	31.18	2020/11/18	PGRR	RC17	
TRPV1	29.525	2020/11/18	PGRR	RC17	
RET	26.755	2020/11/18	PGRR	RC17	
RET	26.995	2020/11/18	PGRR	RC17	
RET	27.05	2020/11/18	PGRR	RC17	
SPP1	23.125	2020/11/18	PGRR	RC17	
SPP1	23.235	2020/11/18	PGRR	RC17	
SPP1	24.535	2020/11/18	PGRR	RC17	
FZD5	24.69	2020/11/18	PGRR	RC17	
FZD5	25.6	2020/11/18	PGRR	RC17	
FZD5	25.8	2020/11/18	PGRR	RC17	
ACKR3	27.845	2020/11/18	PGRR	RC17	
ACKR3	28.3	2020/11/18	PGRR	RC17	
ACKR3	28.495	2020/11/18	PGRR	RC17	
HTR2C	29.27	2020/11/18	PGRR	RC17	
HTR2C	30.8	2020/11/18	PGRR	RC17	
HTR2C	29.015	2020/11/18	PGRR	RC17	
ADRA1A	31.615	2020/11/18	PGRR	RC17	
ADRA1A	28.79	2020/11/18	PGRR	RC17	
ADRA1A	31.585	2020/11/18	PGRR	RC17	
CD83-2	25.315	2020/11/18	PGRR	RC17	
CD83-2	25.515	2020/11/18	PGRR	RC17	
CD83-2	25.695	2020/11/18	PGRR	RC17	
ZIP8-2	25.645	2020/11/18	PGRR	RC17	
ZIP8-2	25.225	2020/11/18	PGRR	RC17	
ZIP8-2	26.49	2020/11/18	PGRR	RC17	
CDX1	35	2020/11/18	PGRR	RC17	
CDX1	32.34	2020/11/18	PGRR	RC17	
CDX1	35	2020/11/18	PGRR	RC17	
CDX2	35	2020/11/18	PGRR	RC17	
CDX2	31.84	2020/11/18	PGRR	RC17	
CDX2	35	2020/11/18	PGRR	RC17	
CDX4	28.37	2020/11/18	PGRR	RC17	
CDX4	27.79	2020/11/18	PGRR	RC17	
CDX4	28.98	2020/11/18	PGRR	RC17	
NKX1.2	27.545	2020/11/18	PGRR	RC17	
NKX1.2	27.81	2020/11/18	PGRR	RC17	
NKX1.2	28.22	2020/11/18	PGRR	RC17	
HOXA6	35	2020/11/18	PGRR	RC17	
HOXA6	35	2020/11/18	PGRR	RC17	
HOXA6	35	2020/11/18	PGRR	RC17	
HOXA7	35	2020/11/18	PGRR	RC17	
HOXA7	34.155	2020/11/18	PGRR	RC17	
HOXA7	35	2020/11/18	PGRR	RC17	
HOXA9	35	2020/11/18	PGRR	RC17	
HOXA9	35	2020/11/18	PGRR	RC17	
HOXA9	35	2020/11/18	PGRR	RC17	
HOXB2	35	2020/11/18	PGRR	RC17	
HOXB2	35	2020/11/18	PGRR	RC17	
HOXB2	35	2020/11/18	PGRR	RC17	
HOXB3	35	2020/11/18	PGRR	RC17	
HOXB3	35	2020/11/18	PGRR	RC17	
HOXB3	35	2020/11/18	PGRR	RC17	
HOXB4	35	2020/11/18	PGRR	RC17	
HOXB4	35	2020/11/18	PGRR	RC17	
HOXB4	35	2020/11/18	PGRR	RC17	
HOXB6	35	2020/11/18	PGRR	RC17	
HOXB6	35	2020/11/18	PGRR	RC17	
HOXB6	35	2020/11/18	PGRR	RC17	
HOXC4	35	2020/11/18	PGRR	RC17	
HOXC4	34.235	2020/11/18	PGRR	RC17	
HOXC4	35	2020/11/18	PGRR	RC17	
HOXC6	35	2020/11/18	PGRR	RC17	
HOXC6	35	2020/11/18	PGRR	RC17	
HOXC6	35	2020/11/18	PGRR	RC17	
HOXC8	35	2020/11/18	PGRR	RC17	
HOXC8	35	2020/11/18	PGRR	RC17	
HOXC8	35	2020/11/18	PGRR	RC17	
AXIN2_6	24.21	2020/11/18	PGRR	RC17	
AXIN2_6	23.935	2020/11/18	PGRR	RC17	
AXIN2_6	24.725	2020/11/18	PGRR	RC17	
CCND1_5	23.185	2020/11/18	PGRR	RC17	
CCND1_5	22.135	2020/11/18	PGRR	RC17	
CCND1_5	23.945	2020/11/18	PGRR	RC17	
FGF8_10	29.215	2020/11/18	PGRR	RC17	
FGF8_10	28.79	2020/11/18	PGRR	RC17	
FGF8_10	31.86	2020/11/18	PGRR	RC17	
DUSP6_NEW	24.32	2020/11/18	PGRR	RC17	
DUSP6_NEW	24.335	2020/11/18	PGRR	RC17	
DUSP6_NEW	23.995	2020/11/18	PGRR	RC17	
CHAT_v3	35	2020/12/21	AS	RC17	AS testing
CHAT_v3	34.51	2020/12/21	AS	RC17	AS testing
CHAT_v8	35	2020/12/21	AS	RC17	AS testing
CHAT_v8	35	2020/12/21	AS	RC17	AS testing
VAChT	31.9	2020/12/21	AS	RC17	AS testing
VAChT	31.98	2020/12/21	AS	RC17	AS testing
CALB1	24.89	2020/12/21	AS	RC17	AS testing
CALB1	24.92	2020/12/21	AS	RC17	AS testing
CALB2	27.6	2020/12/21	AS	RC17	AS testing
CALB2	27.63	2020/12/21	AS	RC17	AS testing
RELN	34.06	2020/12/21	AS	RC17	AS testing
RELN	35	2020/12/21	AS	RC17	AS testing
DCX	27.99	2020/12/21	AS	RC17	AS testing
DCX	28.07	2020/12/21	AS	RC17	AS testing
GBX1	32.58	2020/12/21	AS	RC17	AS testing
GBX1	35	2020/12/21	AS	RC17	AS testing
FGFR2	23.61	2020/12/21	AS	RC17	AS testing
FGFR2	23.54	2020/12/21	AS	RC17	AS testing
FZD5	25.62	2020/12/21	AS	RC17	AS testing
FZD5	25.7	2020/12/21	AS	RC17	AS testing
EMX2	35.00	2021/04/18	ZA	RC17	ZA testing
EMX2	35.00	2021/04/18	ZA	RC17	ZA testing
EMX2	35.00	2021/04/18	ZA	RC17	ZA testing
VAX1	34.48	2021/04/18	ZA	RC17	ZA testing
VAX1	33.57	2021/04/18	ZA	RC17	ZA testing
VAX1	35.00	2021/04/18	ZA	RC17	ZA testing
LHX5	34.98	2021/04/18	ZA	RC17	ZA testing
LHX5	31.25	2021/04/18	ZA	RC17	ZA testing
LHX5	31.22	2021/04/18	ZA	RC17	ZA testing
RSG4	35.00	2021/04/18	ZA	RC17	ZA testing
RSG4	33.03	2021/04/18	ZA	RC17	ZA testing
RSG4	33.86	2021/04/18	ZA	RC17	ZA testing
SATB2	28.46	2021/04/18	ZA	RC17	ZA testing
SATB2	25.95	2021/04/18	ZA	RC17	ZA testing
SATB2	26.86	2021/04/18	ZA	RC17	ZA testing
VGLL2	35.00	2021/04/18	ZA	RC17	ZA testing
VGLL2	35.00	2021/04/18	ZA	RC17	ZA testing
VGLL2	35.00	2021/04/18	ZA	RC17	ZA testing
PEG10	24.54	2021/04/18	ZA	RC17	ZA testing
PEG10	22.87	2021/04/18	ZA	RC17	ZA testing
PEG10	23.26	2021/04/18	ZA	RC17	ZA testing
GSX1	35.00	2021/04/18	ZA	RC17	ZA testing
GSX1	35.00	2021/04/18	ZA	RC17	ZA testing
GSX1	35.00	2021/04/18	ZA	RC17	ZA testing
SCG2	31.13	2021/04/18	ZA	RC17	ZA testing
SCG2	29.31	2021/04/18	ZA	RC17	ZA testing
SCG2	29.77	2021/04/18	ZA	RC17	ZA testing
CALCR	32.48	2021/04/18	ZA	RC17	ZA testing
CALCR	31.34	2021/04/18	ZA	RC17	ZA testing
CALCR	31.25	2021/04/18	ZA	RC17	ZA testing
TBX2	35.00	2021/04/18	ZA	RC17	ZA testing
TBX2	35.00	2021/04/18	ZA	RC17	ZA testing
TBX2	35.00	2021/04/18	ZA	RC17	ZA testing
PENK	31.03	2021/04/18	ZA	RC17	ZA testing
PENK	29.75	2021/04/18	ZA	RC17	ZA testing
PENK	30.73	2021/04/18	ZA	RC17	ZA testing
BUB3	26.47	2021/04/18	ZA	RC17	ZA testing
BUB3	25.62	2021/04/18	ZA	RC17	ZA testing
BUB3	25.66	2021/04/18	ZA	RC17	ZA testing
TTYH1	26.35	2021/04/18	ZA	RC17	ZA testing
TTYH1	25.17	2021/04/18	ZA	RC17	ZA testing
TTYH1	25.02	2021/04/18	ZA	RC17	ZA testing
TBX19	31.91	2021/04/18	ZA	RC17	ZA testing
TBX19	31.41	2021/04/18	ZA	RC17	ZA testing
TBX19	32.70	2021/04/18	ZA	RC17	ZA testing
HMGA2	26.80	2021/04/18	ZA	RC17	ZA testing
HMGA2	23.80	2021/04/18	ZA	RC17	ZA testing
HMGA2	24.49	2021/04/18	ZA	RC17	ZA testing
POU3F4	29.77	2021/04/18	ZA	RC17	ZA testing
POU3F4	28.36	2021/04/18	ZA	RC17	ZA testing
POU3F4	28.71	2021/04/18	ZA	RC17	ZA testing
RGS6	31.33	2021/04/18	ZA	RC17	ZA testing
RGS6	28.74	2021/04/18	ZA	RC17	ZA testing
RGS6	29.22	2021/04/18	ZA	RC17	ZA testing
NPTX2	26.92	2021/04/18	ZA	RC17	ZA testing
NPTX2	26.12	2021/04/18	ZA	RC17	ZA testing
NPTX2	26.51	2021/04/18	ZA	RC17	ZA testing
NEUROD6	35.00	2021/04/18	ZA	RC17	ZA testing
NEUROD6	33.83	2021/04/18	ZA	RC17	ZA testing
NEUROD6	34.32	2021/04/18	ZA	RC17	ZA testing
HCRT3	34.22	2021/04/18	ZA	RC17	ZA testing
HCRT3	33.12	2021/04/18	ZA	RC17	ZA testing
HCRT3	32.53	2021/04/18	ZA	RC17	ZA testing
OXTR	32.49	2021/04/18	ZA	RC17	ZA testing
OXTR	31.22	2021/04/18	ZA	RC17	ZA testing
OXTR	30.97	2021/04/18	ZA	RC17	ZA testing
HCN1	33.57	2021/05/11	UD	RC17	Avg. ct from triplicate; UD testing
SETD1A	28.80	2021/05/11	UD	RC17	Avg. ct from triplicate; UD testing
CUL1	23.74	2021/05/11	UD	RC17	Avg. ct from triplicate; UD testing
XPO7	28.90	2021/05/11	UD	RC17	Avg. ct from triplicate; UD testing
TRIO	26.18	2021/05/11	UD	RC17	Avg. ct from triplicate; UD testing
CACNA1G	30.20	2021/05/11	UD	RC17	Avg. ct from triplicate; UD testing
SP4	25.41	2021/05/11	UD	RC17	Avg. ct from triplicate; UD testing
GRIA3	29.20	2021/05/11	UD	RC17	Avg. ct from triplicate; UD testing
GRIN2A	30.94	2021/05/11	UD	RC17	Avg. ct from triplicate; UD testing
HERC1	27.58	2021/05/11	UD	RC17	Avg. ct from triplicate; UD testing
RB1CC1	26.46	2021/05/11	UD	RC17	Avg. ct from triplicate; UD testing
TRKA_v2	35	2022/02/24	AS	RC17	Alison's
TRKA_v2	33.55	2022/02/24	AS	RC17	Alison's
TRKA_v2	32.37	2022/02/24	AS	RC17	Alison's
p75NTR_v2	26.94	2022/02/24	AS	RC17	Alison's
p75NTR_v2	26.85	2022/02/24	AS	RC17	Alison's
p75NTR_v2	26.94	2022/02/24	AS	RC17	Alison's
PDGFC_4	28.61	2022/08/09	AS	RC17	Alison's
ALCAM	24.385	2022/08/09	AS	RC17	Alison's
APCDD1	27.84	2022/08/09	AS	RC17	Alison's
CD47	25.385	2022/08/09	AS	RC17	Alison's
CD83	26.52	2022/08/09	AS	RC17	Alison's
CNTN2	32.785	2022/08/09	AS	RC17	Alison's
CPE	26.67	2022/08/09	AS	RC17	Alison's
FOLR1	28.865	2022/08/09	AS	RC17	Alison's
LGI1_v2	31.54	2022/08/09	AS	RC17	Alison's
LRTM1	32.955	2022/08/09	AS	RC17	Alison's
PDGFC_6	28.6	2022/08/09	AS	RC17	Alison's
SERPINF1_v2	25.265	2022/08/09	AS	RC17	Alison's
SLC39A8	26.445	2022/08/09	AS	RC17	Alison's
TFF3	35	2022/08/09	AS	RC17	Alison's
TPBG	25.085	2022/08/09	AS	RC17	Alison's
NR2F1	35	2023/05/01	AS	RC17	Alrik edits for Alison
NR2F2	35	2023/05/01	AS	RC17	Alrik edits for Alison
VIP	35	2023/05/01	AS	RC17	Alrik edits for Alison
MEF2F	32.41	2023/05/01	AS	RC17	Alrik edits for Alison
GAD2	34.15	2023/05/01	AS	RC17	Alrik edits for Alison
ID2	24.5	2023/05/01	AS	RC17	Alrik edits for Alison
SP9	35	2023/05/01	AS	RC17	Alrik edits for Alison
HTR3A	26.15	2023/05/01	AS	RC17	Alrik edits for Alison
MAF	27.58	2023/05/01	AS	RC17	Alrik edits for Alison
PPP1R1B	30.63	2023/05/01	AS	RC17	Alrik edits for Alison
GAD2	27.94	01/05/2023	AS	RC17	Alrik edits for Ugne
HTR3A	33.81	01/05/2023	AS	RC17	Alrik edits for Ugne
ID2	25.08	01/05/2023	AS	RC17	Alrik edits for Ugne
MAF	28.21	01/05/2023	AS	RC17	Alrik edits for Ugne
MEF2F	25.92	01/05/2023	AS	RC17	Alrik edits for Ugne
NR2F2	25.23	01/05/2023	AS	RC17	Alrik edits for Ugne
PROX1	26.87	01/05/2023	AS	RC17	Alrik edits for Ugne
VIP_v2	34.38	01/05/2023	AS	RC17	Alrik edits for Ugne